Document,File Name,Pages,Expiry Date,Status
"Trade License","trade_license_2026.pdf","1","2027-06-30","OK"
"TIN Certificate","03_tin_certificate.pdf","1","N/A","OK"
"VAT Registration Certificate","04_vat_certificate.pdf","1","N/A","OK"
"Bank Solvency Certificate","bank_solvency.pdf","1","2026-12-31","OK"
"Experience Certificate","experience_cert (1).pdf","2","N/A","OK"
"Audited Financial Statement","Not provided","-","N/A","NOT_PROVIDED"
"Manufacturer's Authorization","Not provided","-","Required","NOT_PROVIDED"
"Technical Proposal","02_technical_proposal.pdf","6","N/A","OK"
"Financial Proposal","01_financial_proposal.pdf","2","N/A","OK"
"Signed Declaration","scan_0042.pdf","1","N/A","OK"